posted,title,company,closing_date,url
06-10-2026,Website QA Engineer Intern,NewAgeSys Solutions (P) Ltd.,07 Oct 2026,https://infopark.in/company-jobs/details/109/25950
06-10-2026,SEO - Intern,2Base Technologies Pvt Ltd,06 Oct 2026,https://infopark.in/company-jobs/details/312/25944
05-10-2026,Process Associate - Freshers (urgent hiring),Privo TechCorp Private Limited,30 Nov 2026,https://infopark.in/company-jobs/details/464/25925
03-10-2026,Software QA / Application Testing Trainee,Pagematics India Pvt. Ltd.,15 Oct 2026,https://infopark.in/company-jobs/details/467/25897
03-10-2026,DevOps / AWS Trainee,Pagematics India Pvt. Ltd.,15 Oct 2026,https://infopark.in/company-jobs/details/467/25896
01-10-2026,Junior Digital Marketing Executive,Nesa Software Pvt Ltd,10 Oct 2026,https://infopark.in/company-jobs/details/530/25865
30-09-2026,Graphic Designer (Freshers / 0-1 Year Experience),Gravity Business Process Private Limited,15 Oct 2026,https://infopark.in/company-jobs/details/538/25833
30-09-2026,Quality Control (QC) Intern,Apro IT Solutions Pvt Ltd,16 Oct 2026,https://infopark.in/company-jobs/details/420/25830
30-09-2026,Junior Business Analyst,Thomsun Infocare LLP,15 Oct 2026,https://infopark.in/company-jobs/details/259/25829
30-09-2026,Sales Coordinator – B.Tech Electrical/Mechanical | Freshers | Work From Home,Thomsun Infocare LLP,15 Oct 2026,https://infopark.in/company-jobs/details/259/25828
29-09-2026,Flutter Developer Intern,AVENTUS INFORMATICS,22 Oct 2026,https://infopark.in/company-jobs/details/148/25797
28-09-2026,Trainee  - Sales & Business Development,LucidPlus Infotech Pvt Ltd,12 Oct 2026,https://infopark.in/company-jobs/details/41/25769
25-09-2026,Trainee - E Commerce Intern,Hotpack Global,15 Oct 2026,https://infopark.in/company-jobs/details/349/25723
24-09-2026,Business Development Executive(Fresher),iDatalytics Pvt. Ltd.,30 Oct 2026,https://infopark.in/company-jobs/details/91/25702
24-09-2026,HR Trainee - Operations & Employee Engagement,Nuvento Systems Private Limited,24 Oct 2026,https://infopark.in/company-jobs/details/58/25691
22-09-2026,Junior Security Test Engineer,YOUGotaGift Pvt Ltd,22 Oct 2026,https://infopark.in/company-jobs/details/482/25638
22-09-2026,AI-Powered Video Editor (Entry Level / 0-1 Year Experience)- Immediate Joiners,Techware Lab Pvt.Ltd.,22 Oct 2026,https://infopark.in/company-jobs/details/268/25637
22-09-2026,Digital Marketing Intern,CloudHouse Technologies Pvt.Ltd,15 Oct 2026,https://infopark.in/company-jobs/details/480/25627
21-09-2026,React.js & Next.js Intern,AVENTUS INFORMATICS,14 Oct 2026,https://infopark.in/company-jobs/details/148/25616
18-09-2026,Market Research Intern,Orestes Technologies Pvt Ltd,18 Oct 2026,https://infopark.in/company-jobs/details/390/25548
17-09-2026,Talent Acquisition Intern,WORKSENT TECHNOLOGIES PVT LTD,09 Oct 2026,https://infopark.in/company-jobs/details/164/25507
11-09-2026,Digital Marketing / IT Freshers,Nestsoft TechnoMaster PVT LTD,11 Sep 2028,https://infopark.in/company-jobs/details/439/25431
10-09-2026,Growth and Sales Intern,Techware Lab Pvt.Ltd.,10 Oct 2026,https://infopark.in/company-jobs/details/268/25417
07-09-2026,Digital Marketing Executive -  0 - 1 Year Experience,CloudHouse Technologies Pvt.Ltd,15 Oct 2026,https://infopark.in/company-jobs/details/480/25353
03-09-2026,Tele Sales Trainee,Amplitude Software Systems Pvt Ltd,10 Oct 2026,https://infopark.in/company-jobs/details/326/25309
03-09-2026,QA Trainee,Amplitude Software Systems Pvt Ltd,10 Oct 2026,https://infopark.in/company-jobs/details/326/25308
01-08-2026,Internship – Product Consultant,Aabasoft Technologies India Private Limited,10 Oct 2026,https://infopark.in/company-jobs/details/95/24927
30-07-2026,Junior DevOps Engineer,Fingent Global Solutions,01 Nov 2026,https://infopark.in/company-jobs/details/83/24899
28-07-2026,Data Entry Trainee,Aabasoft Technologies India Private Limited,10 Oct 2026,https://infopark.in/company-jobs/details/95/24866
27-07-2026,Management Trainee,GALTech Technologies Pvt Ltd,10 Oct 2026,https://infopark.in/company-jobs/details/189/24849
14-07-2026,Digital Marketing Intern – Search Engine Marketing (SEM / Google Ads),Aabasoft Technologies India Private Limited,10 Oct 2026,https://infopark.in/company-jobs/details/95/24628
14-07-2026,Digital Marketing Intern – Social Media Marketing (SMO),Aabasoft Technologies India Private Limited,10 Oct 2026,https://infopark.in/company-jobs/details/95/24627
14-07-2026,Digital Marketing Intern – SEO,Aabasoft Technologies India Private Limited,10 Oct 2026,https://infopark.in/company-jobs/details/95/24626
14-07-2026,Digital Marketing Intern – Creative Designer,Aabasoft Technologies India Private Limited,10 Oct 2026,https://infopark.in/company-jobs/details/95/24624
29-06-2026,Business Development Executive Trainee – IT / ITES,QC Verify Private Limited,15 Oct 2026,https://infopark.in/company-jobs/details/257/24386
21-05-2026,VIDEO EDITOR INTERN,TouchWorld Technology,30 Jan 2027,https://infopark.in/company-jobs/details/352/23666
13-05-2026,Junior Creative Producer,QC Verify Private Limited,10 Oct 2026,https://infopark.in/company-jobs/details/257/23522
07-05-2026,UI/UX Designer Intern,Mantra IT Solutions,16 Oct 2026,https://infopark.in/company-jobs/details/383/23411
29-04-2026,Social Media Intern,Mantra IT Solutions,16 Oct 2026,https://infopark.in/company-jobs/details/383/23289
26-03-2026,Student Counsellor - Overseas Education - Freshers,Opshore Talent Solutions Pvt.Ltd.,07 Oct 2026,https://infopark.in/company-jobs/details/168/22697
04-03-2026,Agentic AI Program Intern (Non-Coders | Fresher)-9895990155,iDatalytics Pvt. Ltd.,30 Nov 2026,https://infopark.in/company-jobs/details/91/22337
09-02-2026,Probationary Engineer (Freshers),Paradigm IT Private Limited,30 Dec 2027,https://infopark.in/company-jobs/details/345/21993
14-05-2025,Market Research Intern,AVENTUS INFORMATICS,29 Oct 2026,https://infopark.in/company-jobs/details/148/18829
21-02-2025,TECHNICAL SUPPORT INTERN for female freshers.,Virtual Impulse Technologies,30 Dec 2026,https://infopark.in/company-jobs/details/398/18004
16-12-2024,Digital Marketing Intern,MarketBytes WebWorks Private Limited,30 Oct 2026,https://infopark.in/company-jobs/details/460/17366
20-11-2024,Data Analytics Intern (9895990155),iDatalytics Pvt. Ltd.,30 Nov 2026,https://infopark.in/company-jobs/details/91/17228
20-11-2024,Data Science Intern (9895990155),iDatalytics Pvt. Ltd.,30 Nov 2026,https://infopark.in/company-jobs/details/91/17227
15-11-2024,Junior Accountant,Syriac Consultancy Services Private Limited,31 Oct 2026,https://infopark.in/company-jobs/details/433/17183
